{
    "1": {
        "1": {
            "Name": "\u751f\u547d\u503c",
            "Base": 112.896,
            "Add": 39.5136
        }
    },
    "2": {
        "1": {
            "Name": "\u653b\u51fb\u529b",
            "Base": 56.448,
            "Add": 19.7568
        }
    },
    "3": {
        "1": {
            "Name": "\u751f\u547d\u503c\uff08%\uff09",
            "Base": 0.06912,
            "Add": 0.024192
        },
        "2": {
            "Name": "\u653b\u51fb\u529b\uff08%\uff09",
            "Base": 0.06912,
            "Add": 0.024192
        },
        "3": {
            "Name": "\u9632\u5fa1\u529b\uff08%\uff09",
            "Base": 0.0864,
            "Add": 0.03024
        },
        "4": {
            "Name": "\u66b4\u51fb\u7387",
            "Base": 0.05184,
            "Add": 0.018144
        },
        "5": {
            "Name": "\u66b4\u51fb\u4f24\u5bb3",
            "Base": 0.10368,
            "Add": 0.036288
        },
        "6": {
            "Name": "\u6cbb\u7597\u91cf\u52a0\u6210",
            "Base": 0.055296,
            "Add": 0.019354
        },
        "7": {
            "Name": "\u6548\u679c\u547d\u4e2d",
            "Base": 0.06912,
            "Add": 0.024192
        }
    },
    "4": {
        "1": {
            "Name": "\u751f\u547d\u503c\uff08%\uff09",
            "Base": 0.06912,
            "Add": 0.024192
        },
        "2": {
            "Name": "\u653b\u51fb\u529b\uff08%\uff09",
            "Base": 0.06912,
            "Add": 0.024192
        },
        "3": {
            "Name": "\u9632\u5fa1\u529b\uff08%\uff09",
            "Base": 0.0864,
            "Add": 0.03024
        },
        "4": {
            "Name": "\u901f\u5ea6",
            "Base": 4.032,
            "Add": 1.4
        }
    },
    "5": {
        "1": {
            "Name": "\u751f\u547d\u503c\uff08%\uff09",
            "Base": 0.06912,
            "Add": 0.024192
        },
        "2": {
            "Name": "\u653b\u51fb\u529b\uff08%\uff09",
            "Base": 0.06912,
            "Add": 0.024192
        },
        "3": {
            "Name": "\u9632\u5fa1\u529b\uff08%\uff09",
            "Base": 0.0864,
            "Add": 0.03024
        },
        "4": {
            "Name": "\u7269\u7406\u5c5e\u6027\u4f24\u5bb3\u63d0\u9ad8",
            "Base": 0.062208,
            "Add": 0.021773
        },
        "5": {
            "Name": "\u706b\u5c5e\u6027\u4f24\u5bb3\u63d0\u9ad8",
            "Base": 0.062208,
            "Add": 0.021773
        },
        "6": {
            "Name": "\u51b0\u5c5e\u6027\u4f24\u5bb3\u63d0\u9ad8",
            "Base": 0.062208,
            "Add": 0.021773
        },
        "7": {
            "Name": "\u96f7\u5c5e\u6027\u4f24\u5bb3\u63d0\u9ad8",
            "Base": 0.062208,
            "Add": 0.021773
        },
        "8": {
            "Name": "\u98ce\u5c5e\u6027\u4f24\u5bb3\u63d0\u9ad8",
            "Base": 0.062208,
            "Add": 0.021773
        },
        "9": {
            "Name": "\u91cf\u5b50\u5c5e\u6027\u4f24\u5bb3\u63d0\u9ad8",
            "Base": 0.062208,
            "Add": 0.021773
        },
        "10": {
            "Name": "\u865a\u6570\u5c5e\u6027\u4f24\u5bb3\u63d0\u9ad8",
            "Base": 0.062208,
            "Add": 0.021773
        }
    },
    "6": {
        "1": {
            "Name": "\u51fb\u7834\u7279\u653b",
            "Base": 0.10368,
            "Add": 0.036288
        },
        "2": {
            "Name": "\u80fd\u91cf\u6062\u590d\u6548\u7387",
            "Base": 0.031104,
            "Add": 0.010886
        },
        "3": {
            "Name": "\u751f\u547d\u503c\uff08%\uff09",
            "Base": 0.06912,
            "Add": 0.024192
        },
        "4": {
            "Name": "\u653b\u51fb\u529b\uff08%\uff09",
            "Base": 0.06912,
            "Add": 0.024192
        },
        "5": {
            "Name": "\u9632\u5fa1\u529b\uff08%\uff09",
            "Base": 0.0864,
            "Add": 0.03024
        }
    }
}