{
    "1": {
        "Name": "\u751f\u547d\u503c",
        "Base": 33.87,
        "Step": 4.233755
    },
    "2": {
        "Name": "\u653b\u51fb\u529b",
        "Base": 16.935,
        "Step": 2.116877
    },
    "3": {
        "Name": "\u9632\u5fa1\u529b",
        "Base": 16.935,
        "Step": 2.116877
    },
    "4": {
        "Name": "\u751f\u547d\u503c\uff08%\uff09",
        "Base": 0.03456,
        "Step": 0.00432
    },
    "5": {
        "Name": "\u653b\u51fb\u529b\uff08%\uff09",
        "Base": 0.03456,
        "Step": 0.00432
    },
    "6": {
        "Name": "\u9632\u5fa1\u529b\uff08%\uff09",
        "Base": 0.0432,
        "Step": 0.0054
    },
    "7": {
        "Name": "\u901f\u5ea6",
        "Base": 2.0,
        "Step": 0.3
    },
    "8": {
        "Name": "\u66b4\u51fb\u7387",
        "Base": 0.02592,
        "Step": 0.00324
    },
    "9": {
        "Name": "\u66b4\u51fb\u4f24\u5bb3",
        "Base": 0.05184,
        "Step": 0.00648
    },
    "10": {
        "Name": "\u6548\u679c\u547d\u4e2d",
        "Base": 0.03456,
        "Step": 0.00432
    },
    "11": {
        "Name": "\u6548\u679c\u62b5\u6297",
        "Base": 0.03456,
        "Step": 0.00432
    },
    "12": {
        "Name": "\u51fb\u7834\u7279\u653b",
        "Base": 0.05184,
        "Step": 0.00648
    }
}